1193	A.T. Still University	Kirksville ...
497	Abilene Christian University	Abilene
1407	Abraham Baldwin Agricultural College	Tifton
410	Academy of Art University	San Francisco
1141	Adams State University	Alamosa
393	Adelphi University	Garden City
1513	Adler Graduate School	Richfield
1324	Adler University	Chicago ...
947	Adrian College	Adrian
1260	AdventHealth University	Orlando
520	Agnes Scott College	Decatur
1499	Air Force Institute of Technology	Wright-Patterson AFB
1048	Alabama A&M University	Normal
1100	Alabama State University	Montgomery
1655	Alaska Bible College	Palmer
1255	Alaska Pacific University	Anchorage
1667	Albany College of Pharmacy and Health Sciences	Albany
1336	Albany Law School	Albany
1185	Albany Medical College	Albany
1028	Albany State University	Albany
1138	Albertus Magnus College	New Haven
508	Albion College	Albion
849	Albright College	Reading
1421	Alcorn State University	Lorman
1463	Alderson Broaddus University	Philippi
1071	Alfred State College	Alfred
531	Alfred University	Alfred
1136	Alice Lloyd College	Pippa Passes
585	Allegheny College	Meadville
1660	Allen College	Waterloo
1567	Allen University	Columbia
891	Alliant International University	San Diego ...
876	Alma College	Alma
743	Alvernia University	Reading
838	Alverno College	Milwaukee
1479	Amberton University	Garland
1756	American Baptist College	Nashville
1518	American Film Institute Conservatory	Los Angeles
1054	American International College	Springfield
1413	American Jewish University	Los Angeles ...
117	American University	Washington
265	Amherst College	Amherst
1412	Anderson University	Anderson
784	Anderson University, Indiana	Anderson ...
377	Andrews University	Berrien Springs
526	Angelo State University	San Angelo
1311	Anna Maria College	Paxton
606	Antioch University	Yellow Springs ...
Un	Antioch University Los Angeles	Culver City
Un	Antioch University New England	Keene
Un	Antioch University Santa Barbara	Santa Barbara
Un	Antioch University Seattle	Seattle
1609	Appalachian Bible College	Mount Hope
1604	Appalachian College of Pharmacy	Oakwood
197	Appalachian State University	Boone
645	Aquinas College	Grand Rapids
1624	Aquinas College, Tennessee	Nashville
607	Arcadia University	Glenside
1569	Arizona Christian University	Phoenix
24	Arizona State University	Tempe ...
1622	Arkansas Baptist College	Little Rock
450	Arkansas State University	Jonesboro
588	Arkansas Tech University	Russellville
1718	Arlington Baptist University	Arlington
1505	Art Academy of Cincinnati	Cincinnati
424	ArtCenter College of Design	Pasadena
1204	Asbury University	Wilmore
474	Ashland University	Ashland
721	Assumption College	Worcester
972	Athens State University	Athens
1592	Atlanta Metropolitan State College	Atlanta
128	Auburn University	Auburn
955	Auburn University at Montgomery	Montgomery
448	Augsburg College	Minneapolis
328	Augusta University	Augusta
522	Augustana College	Rock Island
1018	Augustana University	Sioux Falls
1004	Aurora University	Aurora ...
803	Austin College	Sherman
592	Austin Peay State University	Clarksville
1010	Ave Maria University	Ave Maria
1386	Averett University	Danville ...
1077	Avila University	Kansas City
402	Azusa Pacific University	Azusa
230	Babson College	Babson Park
1256	Bacone College	Muskogee
595	Baker College	Flint ...
830	Baker University	Baldwin City
744	Baldwin Wallace University	Berea
236	Ball State University	Muncie
942	Bank Street College of Education	New York City
1743	Baptist Bible College	Springfield
1616	Baptist Memorial College of Health Sciences	Memphis
1695	Baptist University of the Americas	San Antonio
1590	Barclay College	Haviland
252	Bard College	Annandale-on-Hudson
1079	Bard College at Simon's Rock	Great Barrington
460	Barnard College	New York City
1671	Barnes-Jewish College Goldfarb School of Nursing	St. Louis
629	Barry University	Miami ...
981	Barton College	Wilson
1269	Baruch College, CUNY	New York City
817	Bastyr University	Kenmore
306	Bates College	Lewiston
1334	Bay Path University	Longmeadow
1013	Bay State College	Boston ...
268	Baylor College of Medicine	Houston
119	Baylor University	Waco
1419	Beacon College	Leesburg
850	Becker College	Worcester ...
797	Belhaven University	Jackson
678	Bellarmine University	Louisville
483	Bellevue College	Bellevue
505	Bellevue University	Bellevue ...
1724	Bellin College	Green Bay
1151	Belmont Abbey College	Belmont
457	Belmont University	Nashville
506	Beloit College	Beloit
957	Bemidji State University	Bemidji
1491	Benedict College	Columbia
829	Benedictine College	Atchison
900	Benedictine University	Lisle
1597	Benjamin Franklin Institute of Technology	Boston
997	Bennett College	Greensboro
632	Bennington College	Bennington
361	Bentley University	Waltham
540	Berea College	Berea
780	Berkeley College	New York City ...
201	Berklee College of Music	Boston
601	Berry College	Mount Berry
1105	Bethany College	Bethany
1201	Bethany College, Kansas	Lindsborg
1408	Bethany Lutheran College	Mankato
1240	Bethel College	North Newton
909	Bethel University	Mishawaka
1705	Bethel University	St. Paul ...
1183	Bethel University, Tennessee	McKenzie
1766	Bethesda University	Anaheim
1298	Bethune-Cookman University	Daytona Beach
1711	Beulah Heights University	Atlanta
150	Binghamton University, State University of New York	Vestal
311	Biola University	La Mirada
1199	Birmingham-Southern College	Birmingham
1110	Bismarck State College	Bismarck
1085	Black Hills State University	Spearfish
1126	Blackburn College	Carlinville
1720	Blessing-Rieman College of Nursing	Quincy
934	Bloomfield College	Bloomfield
465	Bloomsburg University of Pennsylvania	Bloomsburg
1600	Blue Mountain College	Blue Mountain
1078	Bluefield College	Bluefield
1515	Bluefield State College	Bluefield
765	Bluffton University	Bluffton
901	Bob Jones University	Greenville
1682	Boise Bible College	Boise ...
207	Boise State University	Boise
1688	Boricua College	New York City
962	Boston Architectural College	Boston
101	Boston College	Chestnut Hill
1497	Boston Graduate School of Psychoanalysis	Brookline ...
35	Boston University	Boston ...
285	Bowdoin College	Brunswick
897	Bowie State University	Bowie
179	Bowling Green State University	Bowling Green ...
351	Bradley University	Peoria
152	Brandeis University	Waltham
832	Brandman University	Irvine
1480	Brazosport College	Lake Jackson
884	Brenau University	Gainesville
1455	Brescia University	Owensboro
970	Brevard College	Brevard
1629	Brewton-Parker College	Mount Vernon
1359	Briar Cliff University	Sioux City
758	Bridgewater College	Bridgewater
461	Bridgewater State University	Bridgewater
58	Brigham Young University	Provo
960	Brigham Young University-Hawaii	Laie
267	Brigham Young University-Idaho	Rexburg
1294	Brooklyn College	Brooklyn
1015	Brooklyn Law School	Brooklyn
408	Broward College	Fort Lauderdale
1474	Brown Mackie College	Salina ...
62	Brown University	Providence
1049	Bryan College	Dayton ...
1749	Bryan College of Health Sciences	Lincoln
1270	Bryant and Stratton College	Buffalo ...
783	Bryant University	Smithfield
1641	Bryn Athyn College	Bryn Athyn
256	Bryn Mawr College	Bryn Mawr
214	Bucknell University	Lewisburg
1074	Buena Vista University	Storm Lake
420	Buffalo State College	Buffalo
336	Butler University	Indianapolis
Un	Cabarrus College of Health Sciences	Concord
1257	Cabrini University	Radnor
1493	Cairn University	Langhorne ...
880	Caldwell University	Caldwell
732	California Baptist University	Riverside ...
663	California College of the Arts	San Francisco ...
767	California Institute of Integral Studies	San Francisco
57	California Institute of Technology	Pasadena
1615	California Institute of the Arts	Valencia
772	California Lutheran University	Thousand Oaks
135	California Polytechnic State University, San Luis Obispo	San Luis Obispo
196	California State Polytechnic University, Pomona	Pomona
692	California State University Channel Islands	Camarillo
1095	California State University Maritime Academy	Vallejo
367	California State University San Marcos	San Marcos ...
524	California State University, Bakersfield	Bakersfield
219	California State University, Chico	Chico
356	California State University, Dominguez Hills	Carson ...
407	California State University, East Bay	Hayward ...
335	California State University, Fresno	Fresno
120	California State University, Fullerton	Fullerton ...
158	California State University, Long Beach	Long Beach
224	California State University, Los Angeles	Los Angeles
624	California State University, Monterey Bay	Seaside
118	California State University, Northridge	Northridge
187	California State University, Sacramento	Sacramento
282	California State University, San Bernardino	San Bernardino ...
475	California State University, Stanislaus	Turlock ...
1234	California University of Pennsylvania	California
1233	California Western School of Law	San Diego
1534	Calumet College of St. Joseph	Whiting
1603	Calvary University	Kansas City
209	Calvin College	Grand Rapids
612	Cambridge College	Lawrence ...
782	Cameron University	Lawton ...
647	Campbell University	Buies Creek
996	Campbellsville University	Campbellsville
652	Canisius College	Buffalo
570	Capital University	Columbus
1258	Capitol Technology University	Laurel
1184	Cardinal Stritch University	Milwaukee
157	Carleton College	Northfield
1231	Carlow University	Pittsburgh
19	Carnegie Mellon University	Pittsburgh ...
704	Carroll College	Helena
815	Carroll University	Waukesha ...
650	Carson-Newman University	Jefferson City
484	Carthage College	Kenosha
122	Case Western Reserve University	Cleveland
1348	Castleton University	Castleton
1014	Catawba College	Salisbury
1131	Cazenovia College	Cazenovia
940	Cedar Crest College	Allentown
537	Cedarville University	Cedarville
844	Centenary College of Louisiana	Shreveport
1500	Centenary University	Hackettstown
1533	Central Baptist College	Conway
1466	Central Christian College of Kansas	McPherson
1594	Central Christian College of the Bible	Moberly ...
980	Central College	Pella
342	Central Connecticut State University	New Britain
1230	Central Methodist University	Fayette
242	Central Michigan University	Mount Pleasant
1112	Central Penn College	Summerdale
1042	Central State University	Wilberforce
358	Central Washington University	Ellensburg ...
1191	Centralia College	Centralia
935	Centre College	Danville
828	Chadron State College	Chadron
1366	Chamberlain University	Addison ...
922	Chaminade University of Honolulu	Honolulu
392	Champlain College	Burlington ...
271	Chapman University	Orange
1353	Charles R. Drew University of Medicine and Science	Los Angeles
1116	Charleston Southern University	Charleston
657	Chatham University	Pittsburgh
1342	Chestnut Hill College	Philadelphia
1510	Cheyney University of Pennsylvania	Cheyney
748	Chicago State University	Chicago
1226	Chipola College	Marianna
1631	Chowan University	Murfreesboro
867	Christian Brothers University	Memphis
587	Christopher Newport University	Newport News
1552	Cincinnati Christian University	Cincinnati
1062	City University of Seattle	Bellevue ...
1318	Claflin University	Orangeburg
545	Claremont Graduate University	Claremont ...
621	Claremont McKenna College	Claremont
746	Clarion University of Pennsylvania	Clarion
789	Clark Atlanta University	Atlanta
221	Clark University	Worcester
1190	Clarke University	Dubuque
1544	Clarks Summit University	Clarks Summit
1107	Clarkson College	Omaha
1453	Clarkson University	Potsdam ...
994	Clayton State University	Morrow
1713	Clear Creek Baptist Bible College	Pineville
1638	Cleary University	Howell ...
114	Clemson University	Clemson
1254	Cleveland Institute of Art	Cleveland
1377	Cleveland Institute of Music	Cleveland
223	Cleveland State University	Cleveland
1532	Cleveland University-Kansas City	Overland Park
480	Coastal Carolina University	Conway ...
1052	Coe College	Cedar Rapids
1380	Cogswell Polytechnical College	San Jose ...
1418	Coker University	Hartsville
205	Colby College	Waterville
1266	Colby-Sawyer College	New London
385	Colgate University	Hamilton
1200	College for Creative Studies	Detroit
1674	College of Biblical Studies	Houston ...
1044	College of Central Florida	Ocala
281	College of Charleston	Charleston
1440	College of Coastal Georgia	Brunswick
1395	College of Mount Saint Vincent	The Bronx
1029	College of Our Lady of the Elms	Chicopee
363	College of Saint Benedict/Saint John's University	St. Joseph ...
956	College of Saint Elizabeth	Morristown
1477	College of Saint Mary	Omaha
548	College of Southern Nevada	Las Vegas
1574	College of St. Joseph	Rutland ...
1701	College of Staten Island	Staten Island
1094	College of the Atlantic	Bar Harbor
459	College of the Holy Cross	Worcester
926	College of the Ozarks	Point Lookout
153	College of William & Mary	Williamsburg
887	Colorado Christian University	Lakewood
340	Colorado College	Colorado Springs ...
703	Colorado Mesa University	Grand Junction
277	Colorado School of Mines	Golden
56	Colorado State University	Fort Collins
1202	Colorado State University-Pueblo	Pueblo ...
705	Colorado Technical University	Colorado Springs ...
1425	Columbia Basin College	Pasco
494	Columbia College	Columbia
360	Columbia College Chicago	Chicago
1509	Columbia College Hollywood	Los Angeles
1715	Columbia College of Nursing	Glendale
1547	Columbia College, South Carolina	Columbia
1232	Columbia International University	Columbia
8	Columbia University in the City of New York	New York City
1134	Columbus College of Art and Design	Columbus
902	Columbus State University	Columbus
937	Concord University	Athens
894	Concordia College	Moorhead
1717	Concordia College Alabama	Selma
1316	Concordia College-New York	Bronxville
1443	Concordia University Ann Arbor	Ann Arbor
1003	Concordia University Chicago	River Forest
1021	Concordia University Irvine	Irvine
1170	Concordia University Texas	Austin
795	Concordia University Wisconsin	Mequon
1156	Concordia University, Nebraska	Seward
333	Concordia University, Oregon	Portland
698	Concordia University, St. Paul	St. Paul
362	Connecticut College	New London
1277	Converse College	Spartanburg
1652	Conway School of Landscape Design	Easthampton
1325	Coppin State University	Baltimore
1490	Corban University	Salem ...
619	Cornell College	Mount Vernon
6	Cornell University	Ithaca
1011	Cornerstone University	Grand Rapids
1321	Cornish College of the Arts	Seattle
1546	Cottey College	Nevada
1109	Covenant College	Lookout Mountain
1689	Cox College	Springfield
1504	Cranbrook Academy of Art	Bloomfield Hills
226	Creighton University	Omaha
1576	Criswell College	Dallas
1662	Crossroads College	Rochester
1729	Crowley's Ridge College	Paragould
1047	Crown College	St. Bonifacius ...
1481	Culver-Stockton College	Canton
1422	Cumberland University	Lebanon
1775	CUNY School of Law	Long Island City
1030	Curry College	Milton
1153	Curtis Institute of Music	Philadelphia
709	Daemen College	Amherst
842	Dakota State University	Madison ...
1390	Dakota Wesleyan University	Mitchell
733	Dallas Baptist University	Dallas
1575	Dallas Christian College	Dallas
1005	Dalton State College	Dalton
69	Dartmouth College	Hanover
943	Davenport University	Grand Rapids ...
299	Davidson College	Davidson
1620	Davis & Elkins College	Elkins
1707	Davis College	Johnson City ...
1159	Daytona State College	Daytona Beach
1355	Dean College	Franklin
1055	Defiance College	Defiance
907	Delaware State University	Dover
903	Delaware Valley University	Doylestown
911	Delta State University	Cleveland
636	Denison University	Granville
1762	Denver College of Nursing	Denver
130	DePaul University	Chicago
440	DePauw University	Greencastle
1296	Des Moines University	Des Moines
1023	DeSales University	Center Valley
491	DeVry University	Chicago ...
1753	Dharma Realm Buddhist University	Ukiah
303	Dickinson College	Carlisle
1189	Dickinson State University	Dickinson
1320	Dillard University	New Orleans
736	Dixie State University	St. George
735	Doane University	Crete
886	Dominican College	Orangeburg
1636	Dominican School of Philosophy & Theology	Berkeley
715	Dominican University	River Forest
779	Dominican University of California	San Rafael
1678	Donnelly College	Kansas City
853	Dordt University	Sioux Center
490	Drake University	Des Moines
1668	Drew University	Madison
103	Drexel University	Philadelphia
712	Drury University	Springfield ...
34	Duke University	Durham
1251	Dunwoody College of Technology	Minneapolis
287	Duquesne University	Pittsburgh
804	D'Youville College	Buffalo
344	Earlham College	Richmond
192	East Carolina University	Greenville
1281	East Central University	Ada
915	East Georgia State College	Swainsboro ...
967	East Stroudsburg University	East Stroudsburg
261	East Tennessee State University	Johnson City ...
1354	East Texas Baptist University	Marshall
741	Eastern Connecticut State University	Willimantic
276	Eastern Illinois University	Charleston
349	Eastern Kentucky University	Richmond
1759	Eastern Mennonite University	Harrisonburg ...
245	Eastern Michigan University	Ypsilanti ...
999	Eastern Nazarene College	Quincy
836	Eastern New Mexico University	Portales
985	Eastern Oregon University	La Grande
690	Eastern University	St. Davids
964	Eastern Virginia Medical School	Norfolk
347	Eastern Washington University	Cheney
1702	East-West University	Chicago
1751	Ecclesia College	Springdale
931	Eckerd College	St. Petersburg ...
998	ECPI University	Virginia Beach
760	Edgewood College	Madison
757	Edinboro University of Pennsylvania	Edinboro
1181	Edward Waters College	Jacksonville
1740	Elizabeth City State University	Elizabeth City
478	Elizabethtown College	Elizabethtown
471	Elmhurst College	Elmhurst
1046	Elmira College	Elmira
301	Elon University	Elon
258	Embry-Riddle Aeronautical University	Daytona Beach ...
319	Emerson College	Boston
811	Emmanuel College	Boston
1224	Emmanuel College, Georgia	Franklin Springs
1566	Emmaus Bible College	Dubuque
1000	Emory & Henry College	Emory ...
83	Emory University	Atlanta
622	Emporia State University	Emporia
688	Endicott College	Beverly
1339	Erskine College	Due West
1113	Eureka College	Eureka ...
792	Evangel University	Springfield
1601	Everglades University	Boca Raton ...
464	Fairfield University	Fairfield
388	Fairleigh Dickinson University	Teaneck ...
1350	Fairmont State University	Fairmont
1502	Faith Baptist Bible College and Theological Seminary	Ankeny
706	Farmingdale State College	Farmingdale
310	Fashion Institute of Technology	New York City
1228	Faulkner University	Montgomery
860	Fayetteville State University	Fayetteville
965	Felician University	Lodi ...
302	Ferris State University	Big Rapids
1155	Ferrum College	Ferrum
796	Fielding Graduate University	Santa Barbara
1392	Finlandia University	Hancock
1089	Fisher College	Boston ...
1064	Fisk University	Nashville
952	Fitchburg State University	Fitchburg
1383	Five Towns College	Dix Hills
936	Flagler College	St. Augustine ...
725	Florida Agricultural and Mechanical University	Tallahassee
163	Florida Atlantic University	Boca Raton ...
1543	Florida College	Temple Terrace
1693	Florida Gateway College	Lake City
454	Florida Gulf Coast University	Fort Myers
237	Florida Institute of Technology	Melbourne
100	Florida International University	Miami
1065	Florida Memorial University	Miami Gardens
1459	Florida National University	Hialeah
775	Florida Southern College	Lakeland
1268	Florida SouthWestern State College	Fort Myers
905	Florida State College at Jacksonville	Jacksonville
47	Florida State University	Tallahassee ...
1448	Fontbonne University	St. Louis
106	Fordham University	The Bronx ...
515	Fort Hays State University	Hays
1700	Fort Lewis College	Durango
1293	Fort Valley State University	Fort Valley
835	Framingham State University	Framingham
865	Francis Marion University	Florence
1584	Franciscan Missionaries of Our Lady University	Baton Rouge
1452	Franciscan University of Steubenville	Steubenville
599	Franklin and Marshall College	Lancaster
949	Franklin College	Franklin
1731	Franklin Pierce University	Rindge ...
740	Franklin University	Columbus
991	Franklin W. Olin College of Engineering	Needham
1362	Freed-Hardeman University	Henderson
993	Fresno Pacific University	Fresno ...
1337	Friends University	Wichita ...
611	Frostburg State University	Frostburg ...
364	Furman University	Greenville
350	Gallaudet University	Washington
807	Gannon University	Erie
1016	Gardner-Webb University	Boiling Springs ...
Un	Geisinger Commonwealth School of Medicine	Scranton
808	Geneva College	Beaver Falls
567	George Fox University	Newberg
54	George Mason University	Fairfax
68	George Washington University	Washington ...
756	Georgetown College	Georgetown
55	Georgetown University	Washington
604	Georgia College and State University	Milledgeville ...
822	Georgia Gwinnett College	Lawrenceville
42	Georgia Institute of Technology	Atlanta
273	Georgia Southern University	Statesboro ...
1288	Georgia Southwestern State University	Americus
59	Georgia State University	Atlanta
1168	Georgian Court University	Lakewood
343	Gettysburg College	Gettysburg
1111	Glenville State College	Glenville
1303	Goddard College	Plainfield ...
1664	God's Bible School and College	Cincinnati
801	Golden Gate University	San Francisco ...
1558	Goldey-Beacom College	Wilmington
327	Gonzaga University	Spokane
1764	Good Samaritan College of Nursing and Health Science	Cincinnati
1496	Goodwin College	East Hartford
370	Gordon College	Wenham ...
1420	Gordon State College	Barnesville
708	Goshen College	Goshen
566	Goucher College	Towson
831	Governors State University	University Park
1432	Grace Christian University	Wyoming
823	Grace College	Winona Lake ...
826	Graceland University	Lamoni
1088	Grambling State University	Grambling
144	Grand Canyon University	Phoenix
175	Grand Valley State University	Allendale ...
1292	Grand View University	Des Moines
1451	Granite State College	Concord
1628	Gratz College	Melrose Park
1012	Great Basin College	Elko ...
1694	Great Lakes Christian College	Lansing
1214	Greensboro College	Greensboro
1124	Greenville University	Greenville
401	Grinnell College	Grinnell
723	Grove City College	Grove City
561	Guilford College	Greensboro
1127	Gulf Coast State College	Panama City
571	Gustavus Adolphus College	St. Peter
1022	Gwynedd Mercy University	Gwynedd Valley
334	Hamilton College	Clinton
467	Hamline University	St. Paul
1056	Hampden-Sydney College	Hampden-Sydney
417	Hampshire College	Amherst
874	Hampton University	Hampton
1179	Hannibal-LaGrange University	Hannibal
373	Hanover College	Hanover
614	Harding University	Searcy ...
1208	Hardin-Simmons University	Abilene
1140	Harrisburg University of Science and Technology	Harrisburg
1540	Harris-Stowe State University	St. Louis
596	Hartwick College	Oneonta
2	Harvard University	Cambridge
289	Harvey Mudd College	Claremont ...
1415	Hastings College	Hastings
386	Haverford College	Haverford
677	Hawaii Pacific University	Honolulu
1528	Hebrew College	Newton Centre
1132	Heidelberg University	Tiffin
1771	Helene Fuld College of Nursing	New York City
1063	Henderson State University	Arkadelphia
578	Hendrix College	Conway
1722	Heritage Christian University	Florence
916	Heritage University	Toppenish
1032	Herzing University	Madison
487	High Point University	High Point
1117	Hilbert College	Hamburg
462	Hillsdale College	Hillsdale
455	Hiram College	Hiram
390	Hobart and William Smith Colleges	Geneva
1398	Hodges University	Naples
211	Hofstra University	Hempstead
852	Hollins University	Roanoke
1639	Holy Apostles College and Seminary	Cromwell
1503	Holy Cross College	Notre Dame
800	Holy Family College	Manitowoc
1426	Holy Family University	Philadelphia
1370	Holy Names University	Oakland
846	Hood College	Frederick
359	Hope College	Holland
1053	Hope International University	Fullerton
1152	Houghton College	Houghton ...
824	Houston Baptist University	Houston
1417	Howard Payne University	Brownwood
283	Howard University	Washington
329	Hult International Business School	Cambridge ...
278	Humboldt State University	Arcata
1602	Humphreys University	Stockton
810	Hunter College, CUNY	New York City
959	Huntingdon College	Montgomery
1305	Huntington University	Huntington ...
662	Husson University	Bangor
1472	Huston-Tillotson University	Austin
421	Icahn School of Medicine at Mount Sinai	New York City
317	Idaho State University	Pocatello ...
818	Illinois College	Jacksonville
1686	Illinois College of Optometry	Chicago
172	Illinois Institute of Technology	Chicago
198	Illinois State University	Normal
591	Illinois Wesleyan University	Bloomington
969	Immaculata University	Immaculata ...
1143	Indian River State College	Fort Pierce ...
1082	Indiana Institute of Technology	Fort Wayne ...
339	Indiana State University	Terre Haute
178	Indiana University - Purdue University Indianapolis	Indianapolis
48	Indiana University Bloomington	Bloomington
1551	Indiana University East	Richmond
1776	Indiana University Fort Wayne	Fort Wayne
1640	Indiana University Kokomo	Kokomo
1001	Indiana University Northwest	Gary
321	Indiana University of Pennsylvania	Indiana
1115	Indiana University South Bend	South Bend ...
1035	Indiana University Southeast	New Albany
609	Indiana Wesleyan University	Marion
750	Iona College	New Rochelle
49	Iowa State University of Science and Technology	Ames
1653	Iowa Wesleyan University	Mount Pleasant
Un	Irell and Manella Graduate School of Biological Sciences	Duarte
248	Ithaca College	Ithaca
701	Jackson State University	Jackson
713	Jacksonville State University	Jacksonville
668	Jacksonville University	Jacksonville
176	James Madison University	Harrisonburg
1716	Jamestown Business College	Jamestown
1557	Jarvis Christian College	Hawkins
1061	John Brown University	Siloam Springs
819	John Carroll University	University Heights
1265	John F. Kennedy University	Pleasant Hill ...
1458	John Jay College of Criminal Justice	New York City
1739	John Paul the Great Catholic University	Escondido
26	Johns Hopkins University	Baltimore ...
512	Johnson and Wales University	Providence ...
1207	Johnson C. Smith University	Charlotte
1520	Johnson University	Knoxville ...
1630	Judson College	Marion
1096	Judson University	Elgin ...
616	Juniata College	Huntingdon
1742	Kalamazoo College	Kalamazoo
1278	Kansas City Art Institute	Kansas City
1475	Kansas City University of Medicine and Biosciences	Kansas City
159	Kansas State University	Manhattan ...
1363	Kansas Wesleyan University	Salina
375	Kean University	Union ...
711	Keck Graduate Institute	Claremont
686	Keene State College	Keene
896	Keiser University	Fort Lauderdale
1464	Kendall College	Chicago
170	Kennesaw State University	Kennesaw ...
98	Kent State University	Kent ...
1589	Kentucky Christian University	Grayson
499	Kentucky State University	Frankfort
1482	Kentucky Wesleyan College	Owensboro
298	Kenyon College	Gambier
1669	Kettering College	Kettering
722	Kettering University	Flint
1036	Keuka College	Keuka Park
1093	Keystone College	La Plume
653	King University	Bristol
634	King's College	Wilkes-Barre
666	Knox College	Galesburg ...
568	Kutztown University of Pennsylvania	Kutztown
1633	Kuyper College	Grand Rapids
1017	La Roche University	Pittsburgh
565	La Salle University	Philadelphia
1187	La Sierra University	Riverside
1685	Labouré College	Milton
426	Lafayette College	Easton
1441	LaGrange College	LaGrange
1687	Laguna College of Art and Design	Laguna Beach
1581	Lake Erie College	Painesville
875	Lake Forest College	Lake Forest
1649	Lake Forest Graduate School of Management	Lake Forest
872	Lake Superior State University	Sault Ste. Marie
1414	Lake Washington Institute of Technology	Kirkland
827	Lakeland College	Plymouth
1734	Lakeview College of Nursing	Danville
166	Lamar University	Beaumont
954	Lancaster Bible College	Lancaster
738	Lander University	Greenwood
1196	Landmark College	Putney
1666	Lane College	Jackson
1009	Langston University	Langston
968	Lasell College	Newton
747	Lawrence Technological University	Southfield
538	Lawrence University	Appleton
1690	Le Moyne College	Syracuse
882	Lebanon Valley College	Annville
881	Lee University	Cleveland
1343	Lees-McRae College	Banner Elk
174	Lehigh University	Bethlehem
552	Lehman College, CUNY	The Bronx
1529	LeMoyne-Owen College	Memphis
1433	Lenoir-Rhyne University	Hickory
593	Lesley University	Cambridge ...
1692	LeTourneau University	Longview
323	Lewis & Clark College	Portland
635	Lewis University	Romeoville
948	Lewis-Clark State College	Lewiston ...
110	Liberty University	Lynchburg
1135	Life Pacific College	San Dimas ...
798	Life University	Marietta
1165	LIM College	New York City
1371	Limestone College	Gaffney
1570	Lincoln Christian University	Lincoln
1659	Lincoln College	Lincoln
877	Lincoln Memorial University	Harrogate
1114	Lincoln University	Lincoln University
1572	Lincoln University, California	Oakland
1300	Lincoln University, Missouri	Jefferson City
618	Lindenwood University	St. Charles
1290	Lindsey Wilson College	Columbia
613	Linfield College	McMinnville ...
623	Lipscomb University	Nashville
1517	Livingstone College	Salisbury
337	Lock Haven University	Lock Haven ...
1329	Logan University	Chesterfield
374	Loma Linda University	Loma Linda
493	Long Island University	Brookville ...
533	Longwood University	Farmville
927	Loras College	Dubuque
1037	Louisiana College	Pineville
89	Louisiana State University	Baton Rouge
644	Louisiana State University Health Sciences Center	New Orleans ...
1612	Louisiana State University Health Sciences Center-Shreveport	Shreveport
714	Louisiana State University in Shreveport	Shreveport ...
1331	Louisiana State University of Alexandria	Alexandria
514	Louisiana Tech University	Ruston
930	Lourdes University	Sylvania
227	Loyola Marymount University	Los Angeles
140	Loyola University Chicago	Chicago
384	Loyola University Maryland	Baltimore
458	Loyola University New Orleans	New Orleans
1007	Lubbock Christian University	Lubbock
466	Luther College	Decorah
1040	Lycoming College	Williamsport
729	Lynn University	Boca Raton
1171	Lyon College	Batesville
371	Macalester College	St. Paul
1430	MacMurray College	Jacksonville
1365	Madonna University	Livonia ...
1697	Magdalen College of the Liberal Arts	Warner
563	Maharishi University of Management	Fairfield
1249	Maine College of Art	Portland
1394	Maine Maritime Academy	Castine
1144	Malone University	Canton
1097	Manchester University	North Manchester ...
1554	Manhattan Christian College	Manhattan
560	Manhattan College	Riverdale
1101	Manhattan School of Music	New York City
1026	Manhattanville College	Purchase
1315	Mansfield University of Pennsylvania	Mansfield
1559	Maranatha Baptist University	Watertown
1650	Maria College	Albany
1076	Marian University	Indianapolis
1188	Marian University, Wisconsin	Fond du Lac
719	Marietta College	Marietta
249	Marist College	Poughkeepsie
1211	Marlboro College	Marlboro
165	Marquette University	Milwaukee
1400	Mars Hill University	Mars Hill
1627	Marshall B. Ketchum University	Fullerton ...
286	Marshall University	Huntington
1206	Martin Luther College	New Ulm
1587	Martin Methodist College	Pulaski
1360	Martin University	Indianapolis
1229	Mary Baldwin University	Staunton
1379	Marygrove College	Detroit
671	Maryland Institute College of Art	Baltimore
1403	Maryland University of Integrative Health	Laurel
1658	Marymount California University	Rancho Palos Verdes
1192	Marymount Manhattan College	New York City
689	Marymount University	Arlington
898	Maryville College	Maryville
394	Maryville University	St. Louis
1072	Marywood University	Scranton
906	Massachusetts College of Art and Design	Boston
1158	Massachusetts College of Liberal Arts	North Adams
1	Massachusetts Institute of Technology	Cambridge
1358	Massachusetts Maritime Academy	Buzzards Bay
1608	Massachusetts School of Law	Andover
Un	Mayo Medical School	Rochester
1456	Mayville State University	Mayville
345	McDaniel College	Westminster ...
921	McKendree University	Lebanon
1352	McMurry University	Abilene
751	McNeese State University	Lake Charles
946	McPherson College	McPherson
987	MCPHS University	Boston ...
816	Medaille College	Buffalo
1760	Medgar Evers College	Brooklyn
442	Medical College of Wisconsin	Milwaukee
379	Medical University of South Carolina	Charleston
1447	Meharry Medical College	Nashville
1553	Memphis College of Art	Memphis
1511	Menlo College	Atherton ...
518	Mercer University	Macon ...
498	Mercy College	Dobbs Ferry
1675	Mercy College of Health Sciences	Des Moines
1586	Mercy College of Ohio	Toledo
833	Mercyhurst University	Erie
857	Meredith College	Raleigh
695	Merrimack College	North Andover
425	Messiah College	Mechanicsburg
1757	Methodist College	Peoria
1372	Methodist University	Fayetteville
1521	Metropolitan College of New York	New York City
917	Metropolitan State University	St. Paul
510	Metropolitan State University of Denver	Denver
1275	MGH Institute of Health Professions	Boston
414	Miami Dade College	Miami
180	Miami University	Oxford ...
1712	Michigan School of Psychology	Farmington Hills
28	Michigan State University	East Lansing
126	Michigan Technological University	Houghton
1571	Mid-America Christian University	Oklahoma City
1335	MidAmerica Nazarene University	Olathe
1696	Mid-Atlantic Christian University	Elizabeth City
976	Middle Georgia State University	Macon
1747	Middle Tennessee School of Anesthesia	Madison
269	Middle Tennessee State University	Murfreesboro
181	Middlebury College	Middlebury
1356	Midland College	Midland
1545	Midland University	Fremont
1728	Midstate College	Peoria
1444	Midway University	Midway
443	Midwestern State University	Wichita Falls
1070	Midwestern University	Downers Grove ...
1541	Miles College	Fairfield
430	Millersville University of Pennsylvania	Millersville
1368	Milligan College	Elizabethton ...
1748	Millikin University	Decatur
547	Mills College	Oakland
1287	Millsaps College	Jackson
1121	Milwaukee Institute of Art & Design	Milwaukee
573	Milwaukee School of Engineering	Milwaukee
675	Minneapolis College of Art and Design	Minneapolis
544	Minnesota State University Moorhead	Moorhead
304	Minnesota State University, Mankato	Mankato ...
938	Minot State University	Minot
919	Misericordia University	Dallas
672	Mississippi College	Clinton ...
155	Mississippi State University	Mississippi State ...
1149	Mississippi University for Women	Columbus
1098	Mississippi Valley State University	Itta Bena
1139	Missouri Baptist University	St. Louis
1238	Missouri Southern State University	Joplin
253	Missouri State University	Springfield ...
305	Missouri University of Science and Technology	Rolla
1488	Missouri Valley College	Marshall
1106	Missouri Western State University	St. Joseph
1492	Mitchell College	New London
1299	Mitchell Hamline School of Law	St. Paul
661	Molloy College	Rockville Centre
912	Monmouth College	Monmouth
308	Monmouth University	West Long Branch
870	Monroe College	Bronx ...
141	Montana State University	Bozeman
1058	Montana State University Billings	Billings
1439	Montana State University-Northern	Havre ...
978	Montana Tech	Butte
234	Montclair State University	Montclair
1273	Montreat College	Montreat ...
1495	Montserrat College of Art	Beverly
806	Moody Bible Institute	Chicago
1357	Moore College of Art and Design	Philadelphia
630	Moravian College	Bethlehem
762	Morehead State University	Morehead ...
716	Morehouse College	Atlanta
1090	Morehouse School of Medicine	Atlanta
530	Morgan State University	Baltimore
1719	Morningside College	Sioux City
1568	Morris College	Sumter
989	Morrisville State College	Morrisville
1434	Mount Aloysius College	Cresson
1585	Mount Carmel College of Nursing	Columbus
235	Mount Holyoke College	South Hadley
1485	Mount Marty College	Yankton
1399	Mount Mary University	Milwaukee
1213	Mount Mercy University	Cedar Rapids
1194	Mount Saint Mary College	Newburgh
1635	Mount Saint Mary's University	Los Angeles
1163	Mount St. Joseph University	Cincinnati
1180	Mount St. Mary's University	Emmitsburg ...
1340	Mount Vernon Nazarene University	Mount Vernon ...
486	Muhlenberg College	Allentown
1462	Multnomah University	Portland ...
683	Murray State University	Murray ...
924	Muskingum University	New Concord
576	Naropa University	Boulder
1157	National American University	Rapid City ...
684	National Defense University	Fort Lesley J McNair
731	National Louis University	Chicago ...
453	National University	La Jolla
1346	National University of Health Sciences	Lombard ...
511	Naval Postgraduate School	Monterey
1580	Nazarene Bible College	Colorado Springs
971	Nazareth College	Rochester
1708	Nebraska Christian College	Papillion
1449	Nebraska Methodist College	Omaha
1225	Nebraska Wesleyan University	Lincoln ...
1285	Neumann University	Aston
1778	Neumont University	Salt Lake City
1289	Nevada State College	Henderson
862	New College of Florida	Sarasota
687	New England College	Henniker ...
1614	New England College of Business	Falmouth ...
1677	New England College of Optometry	Boston
1177	New England Conservatory	Boston
1222	New England Institute of Technology	East Greenwich
1262	New England Law | Boston	Boston
1752	New Hope Christian College	Eugene
605	New Jersey City University	Jersey City
185	New Jersey Institute of Technology	Newark
1174	New Mexico Highlands University	Las Vegas
427	New Mexico Institute of Mining and Technology	Socorro
149	New Mexico State University	Las Cruces
1514	New York Academy of Art	New York City
1661	New York City College of Technology, CUNY	Brooklyn
1625	New York College of Podiatric Medicine	New York City
529	New York Institute of Technology	Old Westbury ...
988	New York Law School	New York City
975	New York Medical College	Valhalla
1526	New York School of Interior Design	New York City
14	New York University	New York City ...
1068	Newberry College	Newberry
1031	Newman University	Wichita ...
1416	NewSchool of Architecture and Design	San Diego
564	Niagara University	Niagara University
1173	Nicholls State University	Thibodaux
1195	Nichols College	Dudley
764	Norfolk State University	Norfolk
519	North Carolina Agricultural and Technical State University	Greensboro
534	North Carolina Central University	Durham
41	North Carolina State University	Raleigh
1045	North Carolina Wesleyan College	Rocky Mount ...
580	North Central College	Naperville ...
1282	North Central University	Minneapolis
272	North Dakota State University	Fargo
1376	North Greenville University	Tigerville
1727	North Park University	Chicago
1393	Northeast Ohio Medical University	Rootstown
554	Northeastern Illinois University	Chicago
710	Northeastern State University	Tahlequah
84	Northeastern University	Boston ...
147	Northern Arizona University	Flagstaff ...
167	Northern Illinois University	DeKalb
418	Northern Kentucky University	Highland Heights ...
481	Northern Michigan University	Marquette
1611	Northern New Mexico College	Espanola ...
702	Northern State University	Aberdeen
995	Northern Vermont University	Johnson ...
951	Northland College	Ashland
1735	Northpoint Bible College	Haverhill
1605	Northwest Christian University	Eugene
1516	Northwest Florida State College	Niceville
656	Northwest Missouri State University	Maryville ...
1723	Northwest Nazarene University	Nampa
961	Northwest University	Kirkland ...
883	Northwestern College	Orange City
1280	Northwestern Health Sciences University	Bloomington
1476	Northwestern Oklahoma State University	Alva ...
929	Northwestern State University of Louisiana	Natchitoches
32	Northwestern University	Evanston ...
928	Northwood University	Midland ...
539	Norwich University	Northfield
1345	Notre Dame College	Cleveland
1405	Notre Dame de Namur University	Belmont
1122	Notre Dame of Maryland University	Baltimore
164	Nova Southeastern University	Fort Lauderdale ...
1411	Nyack College	Nyack
1654	Oak Hills Christian College	Bemidji
1203	Oakland City University	Oakland City
240	Oakland University	Rochester
1319	Oakwood University	Huntsville
246	Oberlin College	Oberlin
348	Occidental College	Los Angeles
1147	Oglethorpe University	Atlanta
1428	Ohio Christian University	Circleville
1332	Ohio Dominican University	Columbus
641	Ohio Northern University	Ada
131	Ohio University	Athens ...
Un	Ohio University Southern	Ironton
Un	Ohio University-Chillicothe	Chillicothe
1680	Ohio Valley University	Vienna
550	Ohio Wesleyan University	Delaware ...
1242	Oklahoma Baptist University	Shawnee
1051	Oklahoma Christian University	Edmond ...
847	Oklahoma City University	Oklahoma City
1129	Oklahoma Panhandle State University	Goodwell
127	Oklahoma State University	Stillwater ...
1375	Oklahoma Wesleyan University	Bartlesville
148	Old Dominion University	Norfolk
1130	Olivet College	Olivet
625	Olivet Nazarene University	Bourbonnais
787	Oral Roberts University	Tulsa
200	Oregon Health & Science University	Portland ...
895	Oregon Institute of Technology	Klamath Falls
52	Oregon State University	Corvallis ...
890	Otis College of Art and Design	Los Angeles
1160	Ottawa University	Ottawa ...
685	Otterbein University	Westerville
1178	Ouachita Baptist University	Arkadelphia
1119	Our Lady of the Lake University	San Antonio
1578	Ozark Christian College	Joplin
186	Pace University	New York City ...
572	Pacific Lutheran University	Tacoma
1777	Pacific Northwest College of Art	Portland
1424	Pacific Oaks College	Pasadena
1102	Pacific Union College	Angwin
492	Pacific University	Forest Grove
1388	Pacifica Graduate Institute	Carpinteria ...
1397	Paine College	Augusta
1310	Palm Beach Atlantic University	West Palm Beach ...
648	Palm Beach State College	Lake Worth
1556	Palo Alto University	Palo Alto
1619	Pardee RAND Graduate School	Santa Monica
409	Park University	Parkville ...
1531	Parker University	Dallas
1263	Paul Quinn College	Dallas
845	Paul Smith's College	Paul Smiths
1593	Peirce College	Philadelphia
1084	Penn State College of Medicine	Hershey
10	Penn State University	University Park ...
1043	Pennsylvania Academy of the Fine Arts	Philadelphia
1626	Pennsylvania College of Art and Design	Lancaster
1676	Pennsylvania College of Health Sciences	Lancaster
551	Pennsylvania College of Technology	Williamsport
1469	Pensacola State College	Pensacola
189	Pepperdine University	Malibu ...
941	Peru State College	Peru
1239	Pfeiffer University	Misenheimer
1670	Philander Smith College	Little Rock
1710	Phillips Graduate University	Chatsworth ...
1002	Piedmont College	Demorest
1220	Piedmont International University	Winston Salem ...
1744	Pillar College	Newark ...
1326	Pine Manor College	Chestnut Hill
582	Pittsburg State University	Pittsburg
485	Pitzer College	Claremont
1698	Plaza College	New York City
432	Plymouth State University	Plymouth
1060	Point Loma Nazarene University	San Diego ...
737	Point Park University	Pittsburgh
1564	Point University	West Point
679	Polk State College	Winter Haven
320	Pomona College	Claremont
1699	Pontifical Faculty of the Immaculate Conception	Washington
112	Portland State University	Portland
973	Post University	Waterbury
979	Prairie View A&M University	Prairie View ...
295	Pratt Institute	Brooklyn
858	Presbyterian College	Clinton
1087	Prescott College	Prescott
1595	Presentation College	Aberdeen
18	Princeton University	Princeton
1162	Principia College	Elsah
1769	Providence Christian College	Pasadena
742	Providence College	Providence
638	Purchase College, State University of New York	Purchase
5	Purdue University	West Lafayette
557	Purdue University Fort Wayne	Fort Wayne
251	Purdue University Global	Davenport
920	Purdue University Northwest	Hammond
1538	Queens College, City University of New York	Flushing
893	Queens University of Charlotte	Charlotte
1198	Quincy University	Quincy
259	Quinnipiac University	Hamden
312	Radford University	Radford
598	Ramapo College of New Jersey	Mahwah
932	Randolph College	Lynchburg
1351	Randolph-Macon College	Ashland
215	Rasmussen College	St. Cloud ...
391	Reed College	Portland
405	Regent University	Virginia Beach
944	Regis College	Weston
456	Regis University	Denver
1391	Reinhardt University	Waleska
1617	Relay Graduate School of Education	New York City
102	Rensselaer Polytechnic Institute	Troy ...
1737	Research College of Nursing	Kansas City
1746	Resurrection University	Chicago
451	Rhode Island College	Providence
354	Rhode Island School of Design	Providence
574	Rhodes College	Memphis
77	Rice University	Houston
1763	Richmont Graduate University	Chattanooga
369	Rider University	Lawrenceville ...
1104	Ringling College of Art and Design	Sarasota
1073	Ripon College	Ripon
1172	Rivier University	Nashua
558	Roanoke College	Salem
1019	Robert Morris University	Moon Township ...
1378	Robert Morris University Illinois	Chicago
899	Roberts Wesleyan College	Rochester
90	Rochester Institute of Technology	Rochester
1253	Rochester University	Rochester Hills
1308	Rockford University	Rockford ...
914	Rockhurst University	Kansas City
1341	Rocky Mountain College	Billings
1274	Rocky Mountain College of Art and Design	Denver
1704	Rocky Mountain University of Health Professions	Provo
1703	Rocky Vista University	Parker
579	Roger Williams University	Bristol
814	Rogers State University	Claremore
437	Rollins College	Winter Park
553	Roosevelt University	Chicago ...
1338	Rosalind Franklin University of Medicine and Science	North Chicago
594	Rose-Hulman Institute of Technology	Terre Haute
1219	Roseman University of Health Sciences	Henderson
1264	Rosemont College	Rosemont
257	Rowan University	Glassboro ...
1024	Rush University	Chicago
1523	Rust College	Holly Springs
31	Rutgers, The State University of New Jersey	New Brunswick ...
422	Sacred Heart University	Fairfield ...
821	Saginaw Valley State University	University Center
727	Saint Ambrose University	Davenport
628	Saint Anselm College	Manchester
Un	Saint Anthony College of Nursing	Rockford
1725	Saint Augustine College	Chicago
Un	Saint Francis Medical Center College of Nursing	Peoria
1166	Saint Francis University	Loretto
1550	Saint Johns River State College	Palatka
1297	Saint Joseph's College of Maine	Standish ...
532	Saint Joseph's University	Philadelphia
770	Saint Leo University	Saint Leo ...
199	Saint Louis University	St. Louis ...
1750	Saint Luke's College of Health Sciences	Kansas City
1210	Saint Martin's University	Lacey
1291	Saint Mary-of-the-Woods College	Saint Mary of the Woods
1091	Saint Mary's College	Notre Dame ...
404	Saint Mary's College of California	Moraga
577	Saint Mary's University of Minnesota	Winona ...
581	Saint Michael's College	Colchester ...
889	Saint Peter's University	Jersey City
925	Saint Vincent College	Latrobe
1034	Saint Xavier University	Chicago
892	Salem College	Winston Salem
1525	Salem International University	Salem
791	Salem State University	Salem
1683	Salisbury University	Salisbury
1057	Salus University	Elkins Park ...
1033	Salve Regina University	Newport ...
279	Sam Houston State University	Huntsville
446	Samford University	Birmingham
1212	Samuel Merritt University	Oakland
1643	San Diego Christian College	Santee
91	San Diego State University	San Diego ...
986	San Francisco Art Institute	San Francisco
1330	San Francisco Conservatory of Music	San Francisco
108	San Francisco State University	San Francisco
1736	San Joaquin College of Law	Clovis
104	San José State University	San José
145	Santa Clara University	Santa Clara
774	Santa Fe College	Gainesville
658	Sarah Lawrence College	Bronxville
300	Savannah College of Art and Design	Savannah ...
1223	Savannah State University	Savannah
1535	Saybrook University	San Francisco
1423	Schiller International University	Largo ...
569	School of the Art Institute of Chicago	Chicago
309	School of Visual Arts	New York City
1562	Schreiner University	Kerrville
1726	Scripps College	Claremont
649	Seattle Central College	Seattle
509	Seattle Pacific University	Seattle
307	Seattle University	Seattle
667	Seminole State College of Florida	Sanford
263	Seton Hall University	South Orange
541	Seton Hill University	Greensburg
627	Sewanee: The University of the South	Sewanee
1241	Shaw University	Raleigh
1099	Shawnee State University	Portsmouth
615	Shenandoah University	Winchester
754	Shepherd University	Shepherdstown
449	Shippensburg University of Pennsylvania	Shippensburg
794	Shorter University	Rome ...
586	Siena College	Loudonville
1465	Siena Heights University	Adrian
1322	Sierra Nevada College	Incline Village
341	Simmons University	Boston
1059	Simpson College	Indianola
1555	Simpson University	Redding
910	SIT Graduate Institute	Brattleboro
389	Skidmore College	Saratoga Springs
759	Slippery Rock University of Pennsylvania	Slippery Rock
218	Smith College	Northampton
1309	Snow College	Ephraim
1656	Sofia University	Palo Alto
1247	Soka University of America	Aliso Viejo
280	Sonoma State University	Rohnert Park
1182	South Carolina State University	Orangeburg
820	South College	Knoxville
837	South Dakota School of Mines and Technology	Rapid City
473	South Dakota State University	Brookings
1647	South Georgia State College	Douglas
953	South Texas College	McAllen
1092	South Texas College of Law	Houston
790	South University	Savannah
482	Southeast Missouri State University	Cape Girardeau
1768	Southeastern Baptist College	Laurel
589	Southeastern Louisiana University	Hammond
1069	Southeastern Oklahoma State University	Durant
1108	Southeastern University	Lakeland
769	Southern Adventist University	Collegedale
841	Southern Arkansas University	Magnolia
1167	Southern California Institute of Architecture	Los Angeles
1561	Southern College of Optometry	Memphis
728	Southern Connecticut State University	New Haven
195	Southern Illinois University Carbondale	Carbondale ...
275	Southern Illinois University Edwardsville	Edwardsville ...
151	Southern Methodist University	Dallas
1039	Southern Nazarene University	Bethany ...
125	Southern New Hampshire University	Manchester
724	Southern Oregon University	Ashland ...
982	Southern University and A&M College	Baton Rouge
1409	Southern University at New Orleans	New Orleans
1621	Southern University Law Center	Baton Rouge
700	Southern Utah University	Cedar City
1483	Southern Vermont College	Bennington
1563	Southern Virginia University	Buena Vista
1437	Southern Wesleyan University	Central
1406	Southwest Baptist University	Bolivar ...
963	Southwest Minnesota State University	Marshall
1770	Southwest University of Visual Arts	Tucson ...
1050	Southwestern Adventist University	Keene
1542	Southwestern Assemblies of God University	Waxahachie
1714	Southwestern Christian University	Bethany ...
866	Southwestern College	Winfield
1721	Southwestern College, Santa Fe	Santa Fe
1216	Southwestern Law School	Los Angeles
1218	Southwestern Oklahoma State University	Weatherford ...
726	Southwestern University	Georgetown
945	Spalding University	Louisville
488	Spelman College	Atlanta
812	Spring Arbor University	Spring Arbor
1128	Spring Hill College	Mobile
766	Springfield College	Springfield
1307	St Andrews University	Laurinburg
659	St John's College	Annapolis ...
682	St Petersburg College	Clearwater
878	St Thomas University	Miami Gardens
1313	St. Augustine's University	Raleigh
664	St. Bonaventure University	St. Bonaventure
597	St. Catherine University	St. Paul
315	St. Cloud State University	St. Cloud
476	St. Edward's University	Austin
1396	St. Francis College	Brooklyn Heights
699	St. John Fisher College	Rochester
355	St. John's University	Queens ...
1235	St. Joseph's College	Brooklyn ...
513	St. Lawrence University	Canton
1755	St. Louis Christian College	Florissant
1314	St. Louis College of Pharmacy	St. Louis
655	St. Mary's College of Maryland	St. Mary's City
669	St. Mary's University	San Antonio
939	St. Norbert College	De Pere
357	St. Olaf College	Northfield
1401	St. Thomas Aquinas College	Sparkill
3	Stanford University	Stanford ...
1103	State College of Florida-Manatee-Sarasota	Bradenton
843	State University of New York at Fredonia	Fredonia
477	State University of New York at New Paltz	New Paltz
413	State University of New York at Oswego	Oswego
720	State University of New York College at Plattsburgh	Plattsburgh ...
431	Stephen F. Austin State University	Nacogdoches
992	Stephens College	Columbia
983	Sterling College	Sterling
1217	Sterling College, Vermont	Craftsbury Common
313	Stetson University	DeLand
380	Stevens Institute of Technology	Hoboken
933	Stevenson University	Stevenson ...
1524	Stillman College	Tuscaloosa
412	Stockton University	Galloway ...
608	Stonehill College	Easton
121	Stony Brook University	Stony Brook
439	Strayer University	Washington ...
382	Suffolk University	Boston ...
1773	Sul Ross State University	Alpine
1272	Sullivan University	Louisville ...
1176	SUNY Canton	Canton
1221	SUNY Cobleskill	Cobleskill
1227	SUNY College at Old Westbury	Old Westbury
642	SUNY College at Oneonta	Oneonta
472	SUNY College of Environmental Science and Forestry	Syracuse
1438	SUNY College of Optometry	New York City
436	SUNY Cortland	Cortland
974	SUNY Delhi	Delhi
773	SUNY Downstate Medical Center	Brooklyn
365	SUNY Empire State College	Saratoga Springs
590	SUNY Geneseo	Geneseo
1283	SUNY Maritime College	Throggs Neck
535	SUNY Polytechnic Institute	Utica
697	SUNY Upstate Medical University	Syracuse
631	Susquehanna University	Selinsgrove
193	Swarthmore College	Swarthmore
542	Sweet Briar College	Sweet Briar
79	Syracuse University	Syracuse
1374	Tabor College	Hillsboro
1457	Talladega College	Talladega
559	Tarleton State University	Stephenville ...
990	Taylor University	Upland ...
78	Temple University	Philadelphia ...
643	Tennessee State University	Nashville
479	Tennessee Tech University	Cookeville
1663	Tennessee Wesleyan University	Athens ...
640	Texas A&M International University	Laredo
33	Texas A&M University	College Station
1169	Texas A&M University at Galveston	Galveston
438	Texas A&M University-Commerce	Commerce
429	Texas A&M University-Corpus Christi	Corpus Christi
793	Texas A&M University-Kingsville	Kingsville
1385	Texas A&M University-Texarkana	Texarkana
284	Texas Christian University	Fort Worth
1582	Texas College	Tyler
1323	Texas Lutheran University	Seguin
805	Texas Southern University	Houston
177	Texas State University	San Marcos ...
129	Texas Tech University	Lubbock
654	Texas Tech University Health Sciences Center	Lubbock ...
1284	Texas Wesleyan University	Fort Worth
503	Texas Woman's University	Denton ...
1175	The American College of Financial Services	Bryn Mawr
1645	The Baptist College of Florida	Graceville ...
290	The Catholic University of America	Washington
1450	The Chicago School of Professional Psychology	Los Angeles ...
680	The Citadel, The Military College of South Carolina	Charleston
1460	The City College of New York	New York City
583	The College at Brockport	Brockport
1286	The College of Idaho	Caldwell
433	The College of New Jersey	Ewing
1733	The College of Saint Rose	Albany
555	The College of St. Scholastica	Duluth ...
1651	The College of Westchester	White Plains
575	The College of Wooster	Wooster
523	The Cooper Union for the Advancement of Science and Art	New York City
403	The Culinary Institute of America	Hyde Park ...
264	The Evergreen State College	Olympia
1276	The Graduate Center, CUNY	New York City
1317	The Institute of World Politics	Washington
495	The Juilliard School	New York City
1565	The King's College	New York City
1732	The King's University	Southlake
1236	The Master's University	Santa Clarita
134	The New School	New York City
40	The Ohio State University	Columbus ...
463	The Rockefeller University	New York City
1027	The Sage Colleges	Troy ...
1606	The School of Architecture at Taliesin	Scottsdale
546	The State University of New York at Potsdam	Potsdam
107	The University of Alabama	Tuscaloosa
387	The University of Alabama in Huntsville	Huntsville
29	The University of Arizona	Tucson
802	The University of Findlay	Findlay
204	The University of Maine	Orono
266	The University of Memphis	Memphis ...
229	The University of Montana	Missoula
1648	The University of Montana Western	Dillon
85	The University of Oklahoma	Norman ...
799	The University of Oklahoma Health Sciences Center	Oklahoma City
673	The University of Tampa	Tampa
395	The University of Tennessee at Chattanooga	Chattanooga
113	The University of Tennessee at Martin	Martin ...
950	The University of Tennessee Health Science Center	Memphis
86	The University of Tennessee, Knoxville	Knoxville ...
139	The University of Texas at Arlington	Arlington
17	The University of Texas at Austin	Austin
111	The University of Texas at Dallas	Richardson
220	The University of Texas at El Paso	El Paso
210	The University of Texas at San Antonio	San Antonio
745	The University of Texas at Tyler	Tyler ...
452	The University of Texas Health Science Center at Houston	Houston
372	The University of Texas Health Science Center at San Antonio	San Antonio
1530	The University of Texas Health Science Center at Tyler	Tyler
191	The University of Texas MD Anderson Cancer Center	Houston
428	The University of Texas Medical Branch at Galveston	Galveston
1164	The University of Texas of the Permian Basin	Odessa
908	The University of the Arts	Philadelphia
411	The University of Tulsa	Tulsa
37	The University of Utah	Salt Lake City
1387	The University of Virginia's College at Wise	Wise
1148	The University of West Alabama	Livingston
1761	The University of West Los Angeles	Inglewood
1706	The Wright Institute	Berkeley
1083	Thiel College	Greenville
1312	Thomas Aquinas College	Santa Paula
863	Thomas College	Waterville
1137	Thomas Edison State University	Trenton
1442	Thomas Jefferson School of Law	San Diego
238	Thomas Jefferson University	Philadelphia
1623	Thomas More College of Liberal Arts	Merrimack
854	Thomas More University	Crestview Hills
1672	Thomas University	Thomasville
1161	Tiffin University	Tiffin ...
1501	Toccoa Falls College	Toccoa Falls ...
1244	Tougaloo College	Tougaloo ...
525	Touro College	New York City ...
1613	Touro University California	Vallejo
202	Towson University	Towson
1205	Transylvania University	Lexington
1361	Trevecca Nazarene University	Nashville
1215	Trine University	Angola
1684	Trinity Bible College	Ellendale
1369	Trinity Christian College	Palos Heights
330	Trinity College	Hartford
1637	Trinity College of Florida	Trinity
1765	Trinity College of Nursing & Health Sciences	Rock Island
1066	Trinity International University	Deerfield ...
338	Trinity University	San Antonio
1328	Trinity Washington University	Washington
1754	Tri-State Bible College	South Point ...
1599	Trocaire College	Buffalo
447	Troy University	Troy ...
1527	Truett McConnell University	Cleveland
549	Truman State University	Kirksville
64	Tufts University	Medford
132	Tulane University	New Orleans
1382	Tusculum College	Greeneville
868	Tuskegee University	Tuskegee
646	Uniformed Services University of the Health Sciences	Bethesda
468	Union College	Schenectady
1470	Union College, Kentucky	Barbourville
1133	Union College, Nebraska	Lincoln
1549	Union Institute & University	Cincinnati
776	Union University	Jackson
239	United States Air Force Academy	Colorado Springs
1248	United States Coast Guard Academy	New London
1038	United States Merchant Marine Academy	Kings Point ...
294	United States Military Academy	West Point
331	United States Naval Academy	Annapolis
1381	United States Sports Academy	Daphne
1738	United States University	San Diego
730	Unity College	Unity
136	University at Albany, State University of New York	Albany
75	University at Buffalo, State University of New York	Buffalo ...
1347	University of Advancing Technology	Tempe
168	University of Akron	Akron ...
137	University of Alabama at Birmingham	Birmingham
1579	University of Alaska Anchorage	Anchorage
217	University of Alaska Fairbanks	Fairbanks ...
1679	University of Alaska Southeast	Juneau ...
133	University of Arkansas	Fayetteville
1384	University of Arkansas - Fort Smith	Fort Smith
314	University of Arkansas at Little Rock	Little Rock
1243	University of Arkansas at Monticello	Monticello
1402	University of Arkansas at Pine Bluff	Pine Bluff
674	University of Arkansas for Medical Sciences	Little Rock
352	University of Baltimore	Baltimore
516	University of Bridgeport	Bridgeport ...
4	University of California, Berkeley	Berkeley ...
36	University of California, Davis	Davis ...
470	University of California, Hastings College of the Law	San Francisco
21	University of California, Irvine	Irvine ...
13	University of California, Los Angeles	Los Angeles ...
325	University of California, Merced	Merced ...
87	University of California, Riverside	Riverside ...
27	University of California, San Diego	San Diego ...
81	University of California, San Francisco	San Francisco ...
50	University of California, Santa Barbara	Santa Barbara ...
74	University of California, Santa Cruz	Santa Cruz ...
406	University of Central Arkansas	Conway
80	University of Central Florida	Orlando ...
825	University of Central Missouri	Warrensburg
1519	University of Central Oklahoma	Edmond
1020	University of Charleston	Charleston
25	University of Chicago	Chicago
99	University of Cincinnati	Cincinnati
22	University of Colorado Boulder	Boulder
274	University of Colorado Colorado Springs	Colorado Springs
173	University of Colorado Denver	Denver
92	University of Connecticut	Storrs ...
739	University of Dallas	Irving
752	University of Dayton	Dayton
66	University of Delaware	Newark
142	University of Denver	Denver
602	University of Detroit Mercy	Detroit
1246	University of Dubuque	Dubuque
489	University of Evansville	Evansville
30	University of Florida	Gainesville
63	University of Georgia	Athens
435	University of Hartford	West Hartford
1146	University of Hawaii at Hilo	Hilo
600	University of Hawaii at Manoa	Honolulu
1279	University of Hawaii-West Oahu	Kapolei
1681	University of Holy Cross	New Orleans
53	University of Houston	Houston
620	University of Houston-Clear Lake	Houston ...
904	University of Houston-Downtown	Houston
869	University of Houston-Victoria	Victoria
162	University of Idaho	Moscow
76	University of Illinois at Chicago	Chicago ...
423	University of Illinois at Springfield	Springfield ...
23	University of Illinois at Urbana-Champaign	Champaign ...
873	University of Indianapolis	Indianapolis
65	University of Iowa	Iowa City ...
1489	University of Jamestown	Jamestown
88	University of Kansas	Lawrence ...
82	University of Kentucky	Lexington
617	University of La Verne	La Verne ...
378	University of Louisiana at Lafayette	Lafayette
839	University of Louisiana at Monroe	Monroe
171	University of Louisville	Louisville ...
768	University of Lynchburg	Lynchburg
1271	University of Maine at Augusta	Augusta
1772	University of Maine at Farmington	Farmington
1591	University of Maine at Fort Kent	Fort Kent
1507	University of Maine at Machias	Machias
1522	University of Maine at Presque Isle	Presque Isle ...
1197	University of Mary	Bismarck
1123	University of Mary Hardin-Baylor	Belton
707	University of Mary Washington	Fredericksburg
39	University of Maryland	College Park
1767	University of Maryland Eastern Shore	Princess Anne
190	University of Maryland, Baltimore	Baltimore
143	University of Maryland, Baltimore County	Baltimore
51	University of Massachusetts Amherst	Amherst
232	University of Massachusetts Boston	Boston
368	University of Massachusetts Dartmouth	North Dartmouth
241	University of Massachusetts Lowell	Lowell
297	University of Massachusetts Medical School	Worcester
97	University of Miami	Coral Gables ...
9	University of Michigan	Ann Arbor ...
562	University of Michigan-Dearborn	Dearborn
660	University of Michigan-Flint	Flint ...
11	University of Minnesota	Minneapolis ...
206	University of Mississippi	University
918	University of Mississippi Medical Center	Jackson
95	University of Missouri	Columbia
182	University of Missouri-Kansas City	Kansas City
250	University of Missouri-St. Louis	St. Louis
1404	University of Mobile	Mobile
923	University of Montevallo	Montevallo
1573	University of Mount Olive	Mount Olive ...
1261	University of Mount Union	Alliance
718	University of Nebraska at Kearney	Kearney
260	University of Nebraska at Omaha	Omaha
496	University of Nebraska Medical Center	Omaha
60	University of Nebraska-Lincoln	Lincoln
156	University of Nevada, Las Vegas	Las Vegas
154	University of Nevada, Reno	Reno
507	University of New England	Biddeford ...
116	University of New Hampshire	Durham ...
543	University of New Haven	West Haven ...
93	University of New Mexico	Albuquerque ...
521	University of New Orleans	New Orleans
778	University of North Alabama	Florence
1691	University of North Carolina at Asheville	Asheville
38	University of North Carolina at Chapel Hill	Chapel Hill
161	University of North Carolina at Charlotte	Charlotte
225	University of North Carolina at Greensboro	Greensboro
786	University of North Carolina at Pembroke	Pembroke
749	University of North Carolina School of the Arts	Winston Salem
243	University of North Carolina Wilmington	Wilmington
203	University of North Dakota	Grand Forks
244	University of North Florida	Jacksonville
584	University of North Georgia	Dahlonega
105	University of North Texas	Denton ...
1304	University of North Texas Health Science Center	Fort Worth
366	University of Northern Colorado	Greeley
222	University of Northern Iowa	Cedar Falls
1259	University of Northwestern - St. Paul	St. Paul ...
1364	University of Northwestern Ohio	Lima
72	University of Notre Dame	Notre Dame
67	University of Oregon	Eugene ...
15	University of Pennsylvania	Philadelphia
1494	University of Pikeville	Pikeville
44	University of Pittsburgh	Pittsburgh ...
717	University of Portland	Portland
1548	University of Providence	Great Falls
556	University of Puget Sound	Tacoma
626	University of Redlands	Redlands
160	University of Rhode Island	Kingston ...
188	University of Richmond	Richmond
1484	University of Rio Grande	Rio Grande
71	University of Rochester	Rochester
1435	University of Saint Francis	Fort Wayne
1410	University of Saint Joseph	West Hartford
1560	University of Saint Mary	Leavenworth ...
228	University of San Diego	San Diego
183	University of San Francisco	San Francisco
1454	University of Science and Arts of Oklahoma	Chickasha
633	University of Scranton	Scranton
1333	University of Sioux Falls	Sioux Falls
637	University of South Alabama	Mobile
94	University of South Carolina	Columbia ...
1237	University of South Carolina-Aiken	Aiken
1486	University of South Carolina-Beaufort	Bluffton
1067	University of South Carolina-Upstate	Spartanburg
416	University of South Dakota	Vermillion
61	University of South Florida	Tampa ...
20	University of Southern California	Los Angeles
676	University of Southern Indiana	Evansville
1632	University of Southern Maine	Portland ...
254	University of Southern Mississippi	Hattiesburg
1080	University of St Thomas	Houston
1473	University of St. Augustine for Health Sciences	San Marcos ...
1041	University of St. Francis	Joliet
296	University of St. Thomas	St. Paul ...
445	University of Texas Rio Grande Valley	Brownsville ...
324	University of Texas Southwestern Medical Center	Dallas
1120	University of the Cumberlands	Williamsburg
734	University of the District of Columbia	Washington
855	University of the Incarnate Word	San Antonio
1154	University of the Ozarks	Clarksville
397	University of the Pacific	Stockton ...
1461	University of the Potomac	Washington ...
1145	University of the Sciences in Philadelphia	Philadelphia
1209	University of the Southwest	Hobbs
1610	University of the West	Rosemead
233	University of Toledo	Toledo
1577	University of Valley Forge	Phoenixville
109	University of Vermont	Burlington
43	University of Virginia	Charlottesville ...
7	University of Washington	Seattle ...
316	University of West Florida	Pensacola ...
415	University of West Georgia	Carrollton
1665	University of Western States	Portland
322	University of Wisconsin-Eau Claire	Eau Claire
399	University of Wisconsin-Green Bay	Green Bay
536	University of Wisconsin-La Crosse	La Crosse
12	University of Wisconsin-Madison	Madison
146	University of Wisconsin-Milwaukee	Milwaukee
353	University of Wisconsin-Oshkosh	Oshkosh
851	University of Wisconsin-Parkside	Kenosha
610	University of Wisconsin-Platteville	Platteville
834	University of Wisconsin-River Falls	River Falls
346	University of Wisconsin-Stevens Point	Stevens Point
381	University of Wisconsin-Stout	Menomonie
665	University of Wisconsin-Superior	Superior
441	University of Wisconsin-Whitewater	Whitewater
194	University of Wyoming	Laramie
1186	Upper Iowa University	Fayette ...
1142	Urbana University	Urbana ...
1745	Ursinus College	Collegeville
1302	Ursuline College	Pepper Pike
124	Utah State University	Logan ...
293	Utah Valley University	Orem ...
469	Utica College	Utica
434	Valdosta State University	Valdosta
291	Valencia College	Orlando
1389	Valley City State University	Valley City
419	Valparaiso University	Valparaíso
73	Vanderbilt University	Nashville
1657	VanderCook College of Music	Chicago
1327	Vanguard University of Southern California	Costa Mesa ...
292	Vassar College	Poughkeepsie
1125	Vaughn College of Aeronautics and Technology	Flushing
1673	Vermont College of Fine Arts	Montpelier
763	Vermont Law School	South Royalton
1252	Vermont Technical College	Randolph Center
1306	Villa Maria College	Buffalo
231	Villanova University	Villanova
753	Vincennes University	Vincennes
96	Virginia Commonwealth University	Richmond
813	Virginia Military Institute	Lexington
46	Virginia Polytechnic Institute and State University	Blacksburg
859	Virginia State University	Petersburg
1431	Virginia Union University	Richmond
1118	Virginia Wesleyan University	Norfolk
1086	Viterbo University	La Crosse
1267	Voorhees College	Denmark
504	Wabash College	Crawfordsville
1741	Wade College	Dallas
755	Wagner College	Staten Island
184	Wake Forest University	Winston Salem
1373	Waldorf University	Forest City
879	Walla Walla University	College Place
1025	Walsh College	Troy
761	Walsh University	North Canton
1075	Warner Pacific College	Portland
1471	Warner University	Lake Wales
861	Warren Wilson College	Swannanoa
777	Wartburg College	Waverly
691	Washburn University	Topeka
694	Washington & Jefferson College	Washington
1607	Washington Adventist University	Takoma Park
383	Washington and Lee University	Lexington
639	Washington College	Chestertown
70	Washington State University	Pullman
45	Washington University in St. Louis	St. Louis
1634	Watkins College of Art, Design & Film	Nashville
1301	Wayland Baptist University	Plainview ...
788	Wayne State College	Wayne
123	Wayne State University	Detroit
1367	Waynesburg University	Waynesburg
1583	Webb Institute	Glen Cove
1644	Webber International University	Babson Park
318	Weber State University	Ogden ...
288	Webster University	St. Louis
1618	Welch College	Nashville
255	Wellesley College	Wellesley
1245	Wells College	Aurora
681	Wentworth Institute of Technology	Boston
1006	Wesley College	Dover
1445	Wesleyan College	Macon ...
212	Wesleyan University	Middletown
326	West Chester University of Pennsylvania	West Chester
1468	West Coast University-Los Angeles	North Hollywood
1429	West Liberty University	West Liberty
500	West Texas A&M University	Canyon ...
1646	West Virginia School of Osteopathic Medicine	Lewisburg
984	West Virginia State University	Institute
115	West Virginia University	Morgantown ...
1512	West Virginia University at Parkersburg	Parkersburg
1446	West Virginia University Institute of Technology	Montgomery
1539	West Virginia Wesleyan College	Buckhannon
332	Western Carolina University	Cullowhee ...
696	Western Colorado University	Gunnison
809	Western Connecticut State University	Danbury
398	Western Illinois University	Macomb ...
262	Western Kentucky University	Bowling Green
138	Western Michigan University	Kalamazoo
785	Western Nevada College	Carson City
885	Western New England University	Springfield ...
848	Western New Mexico University	Silver City
444	Western Oregon University	Monmouth
1598	Western State College of Law	Irvine
840	Western University of Health Sciences	Pomona
208	Western Washington University	Bellingham
1730	Westfield State University	Westfield
670	Westminster College	Salt Lake City
1487	Westminster College, Missouri	Fulton
781	Westminster College, Pennsylvania	New Wilmington
871	Westmont College	Santa Barbara
400	Wheaton College	Wheaton
913	Wheaton College, Massachusetts	Norton
977	Wheeling University	Wheeling
1508	Whitman College	Walla Walla
651	Whittier College	Whittier
888	Whitworth University	Spokane
270	Wichita State University	Wichita
376	Widener University	Chester ...
1642	Wilberforce University	Wilberforce
1537	Wiley College	Marshall
501	Wilkes University	Wilkes-Barre
528	Willamette University	Salem
856	William Carey University	Hattiesburg ...
1478	William James College	Newton
1467	William Jessup University	Rocklin ...
1344	William Jewell College	Liberty
527	William Paterson University	Wayne
1596	William Peace University	Raleigh
1081	William Penn University	Oskaloosa
1436	William Woods University	Fulton
1427	Williams Baptist University	Walnut Ridge
247	Williams College	Williamstown
1349	Wilmington College	Wilmington
864	Wilmington University	New Castle ...
1150	Wilson College	Chambersburg
1498	Wingate University	Wingate
603	Winona State University	Winona
1008	Winston-Salem State University	Winston Salem
517	Winthrop University	Rock Hill
1295	Wisconsin Lutheran College	Milwaukee
1774	Wisconsin School of Professional Psychology	Milwaukee
693	Wittenberg University	Springfield
1709	Wofford College	Spartanburg
1758	WON Institute of Graduate Studies	Glenside
1250	Woodbury University	Burbank ...
169	Worcester Polytechnic Institute	Worcester
771	Worcester State University	Worcester
213	Wright State University	Dayton ...
502	Xavier University	Cincinnati
966	Xavier University of Louisiana	New Orleans
16	Yale University	New Haven
216	Yeshiva University	New York City
1506	York College	York
958	York College of Pennsylvania	York
1588	York College, City University of New York	Jamaica
1536	Young Harris College	Young Harris
396	Youngstown State University	Youngstown